first name,last name,username,birthday,picture,room,addresses,phone numbers,emails,relationships,pets,meals,allergies,dietary restrictions
YOUNG,BAKER,bakery0,1948-09-23, , ,"","","","","","",
GENARO,SCOTT,scottg0,1937-12-05, , ,"","","","","","",
ABDUL,EVANS,evansa0,1940-10-05, , ,"","","","","","",
BRENDAN,BAKER,bakerb0,1984-09-26, , ,"","","","","","",
YOUNG,COX,coxy0,1999-08-15, , ,"","","","","","",
MOHAMED,TURNER,turnerm0,1977-01-02, , ,"","","","","","",
CORTEZ,JOHNSON,johnsonc0,1993-10-01, , ,"","","","","","",
DONNIE,BAKER,bakerd0,1956-06-05, , ,"","","","","","",
GEORGE,CARTER,carterg0,1947-07-26, , ,"","","","","","",
ZACHARIAH,CAMPBELL,campbellz0,1958-01-04, , ,"","","","","","",
ISAAC,CAMPBELL,campbelli0,2002-08-10, , ,"","","","","","",
BARTON,GREEN,greenb0,1952-01-11, , ,"","","","","","",
ADAM,GREEN,greena0,1954-04-02, , ,"","","","","","",
YOUNG,WARD,wardy0,2001-07-21, , ,"","","","","","",
FRITZ,SMITH,smithf0,2000-11-22, , ,"","","","","","",
BART,MITCHELL,mitchellb0,1968-01-20, , ,"","","","","","",
ADALBERTO,ALLEN,allena0,1943-05-11, , ,"","","","","","",
GENE,ROBERTS,robertsg0,1989-11-02, , ,"","","","","","",
JEAN,JOHNSON,johnsonj0,1980-12-26, , ,"","","","","","",
NORRIS,MITCHELL,mitchelln0,1998-12-11, , ,"","","","","","",
NORMAN,DIAZ,diazn0,1955-05-04, , ,"","","","","","",
IRWIN,MITCHELL,mitchelli0,1984-10-25, , ,"","","","","","",
NOLAN,SANCHEZ,sanchezn0,1989-02-19, , ,"","","","","","",
GABRIEL,PHILLIPS,phillipsg0,1933-05-26, , ,"","","","","","",
CHAD,YOUNG,youngc0,1989-04-09, , ,"","","","","","",
YOUNG,CARTER,cartery0,1947-06-03, , ,"","","","","","",
OSWALDO,HALL,hallo0,1957-11-01, , ,"","","","","","",
NORRIS,YOUNG,youngn0,2000-12-22, , ,"","","","","","",
ODIS,KING,kingo0,1971-03-07, , ,"","","","","","",
BEN,THOMAS,thomasb0,1961-09-25, , ,"","","","","","",
ZACHARIAH,BAKER,bakerz0,1934-01-16, , ,"","","","","","",
RASHAD,MITCHELL,mitchellr0,1936-07-13, , ,"","","","","","",
BRENDAN,PHILLIPS,phillipsb0,1938-01-18, , ,"","","","","","",
BART,WARD,wardb0,1949-07-07, , ,"","","","","","",
ZANE,LEE,leez0,1996-09-17, , ,"","","","","","",
NORMAND,THOMAS,thomasn0,1956-05-15, , ,"","","","","","",
NORMAND,CAMPBELL,campbelln0,1960-09-07, , ,"","","","","","",
JESS,CAMPBELL,campbellj0,1999-07-16, , ,"","","","","","",
XAVIER,ALLEN,allenx0,1989-08-20, , ,"","","","","","",
JEFFERSON,KING,kingj0,1993-07-23, , ,"","","","","","",
NEIL,MITCHELL,mitchelln1,1992-12-07, , ,"","","","","","",
RANDELL,SCOTT,scottr0,1966-02-23, , ,"","","","","","",
BRANDEN,JOHNSON,johnsonb0,1934-03-22, , ,"","","","","","",
WYATT,TURNER,turnerw0,1991-11-14, , ,"","","","","","",
GENE,RICHARDSON,richardsong0,1930-12-09, , ,"","","","","","",
JEFFERSON,WARD,wardj0,1999-09-20, , ,"","","","","","",
HERBERT,LEE,leeh0,2008-08-09, , ,"","","","","","",
JEAN,SMITH,smithj0,1930-04-03, , ,"","","","","","",
RANDOLPH,CAMPBELL,campbellr0,1970-08-26, , ,"","","","","","",
AARON,HALL,halla0,1965-01-15, , ,"","","","","","",
OSCAR,RICHARDSON,richardsono0,1954-09-27, , ,"","","","","","",
ZACK,RICHARDSON,richardsonz0,1990-05-03, , ,"","","","","","",
YOUNG,BAKER,bakery1,1985-06-18, , ,"","","","","","",
NORMAND,GREEN,greenn0,1969-08-12, , ,"","","","","","",
ISAIAH,MARTINEZ,martinezi0,1996-05-23, , ,"","","","","","",
ZANE,SANCHEZ,sanchezz0,2007-10-23, , ,"","","","","","",
BEAU,SMITH,smithb0,1971-07-07, , ,"","","","","","",
ZACK,LEE,leez1,1957-11-26, , ,"","","","","","",
OLIVER,LEE,leeo0,1938-06-10, , ,"","","","","","",
ADALBERTO,SCOTT,scotta0,1938-09-18, , ,"","","","","","",
BARRY,WARD,wardb1,1943-07-12, , ,"","","","","","",
NORBERT,YOUNG,youngn1,2009-07-07, , ,"","","","","","",
CORTEZ,COX,coxc0,1972-04-12, , ,"","","","","","",
JESS,MITCHELL,mitchellj0,1943-01-02, , ,"","","","","","",
WYATT,ROBERTS,robertsw0,2007-02-07, , ,"","","","","","",
ABEL,MITCHELL,mitchella0,1964-05-01, , ,"","","","","","",
ZACHARIAH,COX,coxz0,1947-10-16, , ,"","","","","","",
Henry,BAKER,bakerh0,1984-09-02, , ,"","","","","","",
FRITZ,MARTINEZ,martinezf0,1947-08-10, , ,"","","","","","",
CEDRICK,MITCHELL,mitchellc0,1964-02-26, , ,"","","","","","",
ADAM,DIAZ,diaza0,1952-02-18, , ,"","","","","","",
DEREK,PHILLIPS,phillipsd0,1956-03-16, , ,"","","","","","",
ZACKARY,GREEN,greenz0,1964-12-13, , ,"","","","","","",
OSCAR,HALL,hallo1,2005-06-03, , ,"","","","","","",
Henry,WARD,wardh0,2007-09-14, , ,"","","","","","",
ABE,KING,kinga0,1938-12-17, , ,"","","","","","",
ZANE,CARTER,carterz0,1943-02-11, , ,"","","","","","",
CEDRICK,CARTER,carterc0,1950-04-21, , ,"","","","","","",
ZANE,LEE,leez2,1974-04-19, , ,"","","","","","",
XAVIER,TURNER,turnerx0,1959-07-15, , ,"","","","","","",
XAVIER,SMITH,smithx0,1981-03-15, , ,"","","","","","",
BARTON,YOUNG,youngb0,1989-05-20, , ,"","","","","","",
JESS,JACKSON,jacksonj0,1996-04-25, , ,"","","","","","",
ADAM,SCOTT,scotta1,1971-02-09, , ,"","","","","","",
ABE,MARTINEZ,martineza0,1962-05-18, , ,"","","","","","",
NORMAND,EVANS,evansn0,1973-09-26, , ,"","","","","","",
GENE,JACKSON,jacksong0,1948-08-16, , ,"","","","","","",
ABRAM,TURNER,turnera0,1965-07-04, , ,"","","","","","",
ORVILLE,SANCHEZ,sanchezo0,1992-09-26, , ,"","","","","","",
GEORGE,COX,coxg0,1961-08-12, , ,"","","","","","",
NORBERTO,PHILLIPS,phillipsn0,1930-08-07, , ,"","","","","","",
BARTON,EVANS,evansb0,1986-10-20, , ,"","","","","","",
IRVING,KING,kingi0,1986-05-26, , ,"","","","","","",
ABEL,HALL,halla1,2008-07-20, , ,"","","","","","",
ODELL,GREEN,greeno0,1931-12-15, , ,"","","","","","",
ISAIAH,SANCHEZ,sanchezi0,1960-03-12, , ,"","","","","","",
JESS,PEREZ,perezj0,1983-05-21, , ,"","","","","","",
BRENDAN,WALKER,walkerb0,2002-02-10, , ,"","","","","","",
BARRY,JOHNSON,johnsonb1,1953-06-18, , ,"","","","","","",
CHADWICK,MITCHELL,mitchellc1,1944-03-16, , ,"","","","","","",
JEFFERY,SANCHEZ,sanchezj0,1936-11-01, , ,"","","","","","",
HERBERT,JACKSON,jacksonh0,1987-04-25, , ,"","","","","","",
DOUGLASS,EVANS,evansd0,2007-01-26, , ,"","","","","","",
ABDUL,MARTINEZ,martineza1,1930-07-11, , ,"","","","","","",
BRANDON,GREEN,greenb1,1964-02-14, , ,"","","","","","",
IRWIN,ROBERTS,robertsi0,1936-09-22, , ,"","","","","","",
GAIL,EVANS,evansg0,1942-11-03, , ,"","","","","","",
JED,WALKER,walkerj0,1971-04-20, , ,"","","","","","",
CORY,ALLEN,allenc0,1936-01-02, , ,"","","","","","",
GENE,EVANS,evansg1,1977-02-04, , ,"","","","","","",
OSWALDO,ALLEN,alleno0,1950-10-25, , ,"","","","","","",
IRWIN,DIAZ,diazi0,1943-03-15, , ,"","","","","","",
BART,RICHARDSON,richardsonb0,2000-10-15, , ,"","","","","","",
ABDUL,GREEN,greena1,1954-04-22, , ,"","","","","","",
NORMAND,ROBERTS,robertsn0,1953-01-26, , ,"","","","","","",
OLIVER,TURNER,turnero0,1950-11-18, , ,"","","","","","",
OSVALDO,MARTINEZ,martinezo0,1965-06-19, , ,"","","","","","",
ABE,PEREZ,pereza0,2009-09-21, , ,"","","","","","",
GABRIEL,EVANS,evansg2,1996-03-19, , ,"","","","","","",
OSVALDO,MITCHELL,mitchello0,1979-11-23, , ,"","","","","","",
JEFFERY,WRIGHT,wrightj0,1946-08-03, , ,"","","","","","",
ZACHERY,PEREZ,perezz0,1987-02-27, , ,"","","","","","",
MOHAMED,KING,kingm0,1992-12-11, , ,"","","","","","",
NOEL,SCOTT,scottn0,2002-06-01, , ,"","","","","","",
HERB,PEREZ,perezh0,1983-02-18, , ,"","","","","","",
YOUNG,CARTER,cartery1,1951-04-17, , ,"","","","","","",
OSCAR,SCOTT,scotto0,1955-04-02, , ,"","","","","","",
NORMAN,LEE,leen0,1962-12-08, , ,"","","","","","",
CESAR,MITCHELL,mitchellc2,1957-05-18, , ,"","","","","","",
BRENDAN,WARD,wardb2,1931-02-21, , ,"","","","","","",
ZANE,KING,kingz0,1997-08-16, , ,"","","","","","",
BEN,WALKER,walkerb1,1997-07-12, , ,"","","","","","",
JEFFEREY,MITCHELL,mitchellj1,1971-01-18, , ,"","","","","","",
HERB,BAKER,bakerh1,2000-06-16, , ,"","","","","","",
NED,GREEN,greenn1,1931-02-22, , ,"","","","","","",
CEDRIC,MARTINEZ,martinezc0,1940-06-11, , ,"","","","","","",
JEFFERY,PHILLIPS,phillipsj0,1960-03-04, , ,"","","","","","",
WYATT,YOUNG,youngw0,1990-03-14, , ,"","","","","","",
OSCAR,YOUNG,youngo0,1988-07-10, , ,"","","","","","",
DEREK,ALLEN,allend0,1977-07-10, , ,"","","","","","",
BRANDEN,WARD,wardb3,2000-05-07, , ,"","","","","","",
ZACKARY,GREEN,greenz1,1937-02-03, , ,"","","","","","",
JEFFERY,EVANS,evansj0,1966-07-14, , ,"","","","","","",
IRVING,PHILLIPS,phillipsi0,1933-09-11, , ,"","","","","","",
MOHAMED,SCOTT,scottm0,1951-10-26, , ,"","","","","","",
IRVING,YOUNG,youngi0,2002-01-02, , ,"","","","","","",
BARTON,WRIGHT,wrightb0,1973-12-10, , ,"","","","","","",
GABRIEL,KING,kingg0,2002-06-12, , ,"","","","","","",
NORBERTO,COX,coxn0,1941-08-25, , ,"","","","","","",
GEORGE,SMITH,smithg0,2005-07-27, , ,"","","","","","",
JEFFEREY,ROBERTS,robertsj0,1987-12-23, , ,"","","","","","",
ABE,EVANS,evansa1,1959-02-12, , ,"","","","","","",
AARON,KING,kinga1,1961-03-27, , ,"","","","","","",
DERICK,JOHNSON,johnsond0,1970-01-10, , ,"","","","","","",
JESS,KING,kingj1,1992-12-23, , ,"","","","","","",
DERICK,PHILLIPS,phillipsd1,1989-11-26, , ,"","","","","","",
GENE,WRIGHT,wrightg0,1973-04-21, , ,"","","","","","",
BEN,EVANS,evansb1,1932-09-12, , ,"","","","","","",
CEDRIC,ALLEN,allenc1,1934-12-02, , ,"","","","","","",
WYATT,TURNER,turnerw1,1982-11-26, , ,"","","","","","",
BRANDON,PEREZ,perezb0,1931-04-22, , ,"","","","","","",
YOUNG,CARTER,cartery2,1963-04-26, , ,"","","","","","",
RANDY,CAMPBELL,campbellr1,1933-10-26, , ,"","","","","","",
RAPHAEL,COX,coxr0,2008-11-15, , ,"","","","","","",
BEAU,PEREZ,perezb1,1940-09-25, , ,"","","","","","",
OLIVER,PHILLIPS,phillipso0,1953-08-26, , ,"","","","","","",
ABE,YOUNG,younga0,1938-10-12, , ,"","","","","","",
NORMAND,SANCHEZ,sanchezn1,1941-06-21, , ,"","","","","","",
HERB,SANCHEZ,sanchezh0,1937-02-18, , ,"","","","","","",
ISAIAH,GREEN,greeni0,1933-12-25, , ,"","","","","","",
BEN,JACKSON,jacksonb0,1930-06-05, , ,"","","","","","",
RANDOLPH,CARTER,carterr0,2007-07-08, , ,"","","","","","",
GAIL,HALL,hallg0,1991-06-12, , ,"","","","","","",
RASHAD,DIAZ,diazr0,1942-11-22, , ,"","","","","","",
CORTEZ,MARTINEZ,martinezc1,2000-05-15, , ,"","","","","","",
BRANDON,TURNER,turnerb0,1993-05-24, , ,"","","","","","",
AARON,WALKER,walkera0,1987-07-06, , ,"","","","","","",
BENEDICT,WALKER,walkerb2,1995-06-22, , ,"","","","","","",
OSCAR,MITCHELL,mitchello1,1974-12-06, , ,"","","","","","",
NOLAN,CARTER,cartern0,1975-02-25, , ,"","","","","","",
JESS,DIAZ,diazj0,1966-10-22, , ,"","","","","","",
RANDOLPH,CARTER,carterr0,2007-07-08, , ,"","","","","","",
BEAU,ALLEN,allenb0,2008-01-19, , ,"","","","","","",
ZACHARY,ROBERTS,robertsz0,1950-04-18, , ,"","","","","","",
DOUGLASS,ROBERTS,robertsd0,1931-04-26, , ,"","","","","","",
IRWIN,MITCHELL,mitchelli0,1966-06-01, , ,"","","","","","",
IRVING,DIAZ,diazi0,1932-06-16, , ,"","","","","","",
JEFFERSON,JOHNSON,johnsonj0,1944-11-16, , ,"","","","","","",
NOEL,DIAZ,diazn0,1958-04-11, , ,"","","","","","",
ZACKARY,WARD,wardz0,1958-08-22, , ,"","","","","","",
CHADWICK,CARTER,carterc0,1969-04-22, , ,"","","","","","",
CORTEZ,SCOTT,scottc0,1932-03-26, , ,"","","","","","",
ADAM,SMITH,smitha0,1949-11-27, , ,"","","","","","",
JEFFEREY,ROBERTS,robertsj0,1980-03-26, , ,"","","","","","",
OLIVER,WARD,wardo0,1987-03-25, , ,"","","","","","",
AARON,MARTINEZ,martineza0,1965-05-23, , ,"","","","","","",
ZACK,SMITH,smithz0,1972-06-11, , ,"","","","","","",
JED,YOUNG,youngj0,1932-02-04, , ,"","","","","","",
GENARO,SMITH,smithg0,1965-07-16, , ,"","","","","","",
GAIL,WALKER,walkerg0,1945-03-11, , ,"","","","","","",
BRANDON,JACKSON,jacksonb0,1938-01-08, , ,"","","","","","",
ISAIAH,CAMPBELL,campbelli0,1940-07-16, , ,"","","","","","",
GAIL,WALKER,walkerg0,1951-02-24, , ,"","","","","","",
RANDELL,WRIGHT,wrightr0,1982-12-03, , ,"","","","","","",
DOYLE,CARTER,carterd0,1980-10-21, , ,"","","","","","",
DEREK,MARTINEZ,martinezd0,1969-12-16, , ,"","","","","","",
GEORGE,ALLEN,alleng0,1938-03-17, , ,"","","","","","",
HERIBERTO,PEREZ,perezh0,1965-01-08, , ,"","","","","","",
JEAN,SCOTT,scottj0,1975-10-05, , ,"","","","","","",
ABRAM,MARTINEZ,martineza0,1994-03-21, , ,"","","","","","",
Henry,MARTINEZ,martinezh0,1938-09-09, , ,"","","","","","",
RANDY,PEREZ,perezr0,1988-06-15, , ,"","","","","","",
OLIVER,THOMAS,thomaso0,1937-06-18, , ,"","","","","","",
GENE,KING,kingg0,1953-01-15, , ,"","","","","","",
NORMAN,PHILLIPS,phillipsn0,1936-06-20, , ,"","","","","","",
IRVING,DIAZ,diazi0,1970-05-26, , ,"","","","","","",
DOUGLASS,MITCHELL,mitchelld0,1956-07-20, , ,"","","","","","",
CORTEZ,TURNER,turnerc0,1937-08-13, , ,"","","","","","",
BRANDEN,PHILLIPS,phillipsb0,1945-08-21, , ,"","","","","","",
ZACHERY,KING,kingz0,1962-07-20, , ,"","","","","","",
OSWALDO,HALL,hallo0,1951-05-27, , ,"","","","","","",
RANDELL,WARD,wardr0,1961-10-05, , ,"","","","","","",
FRITZ,JOHNSON,johnsonf0,1950-03-27, , ,"","","","","","",
RANDELL,SANCHEZ,sanchezr0,1987-08-03, , ,"","","","","","",
CEDRIC,THOMAS,thomasc0,1931-02-17, , ,"","","","","","",
RANDY,WALKER,walkerr0,1999-12-11, , ,"","","","","","",
NOLAN,EVANS,evansn0,1945-03-23, , ,"","","","","","",
HERMAN,KING,kingh0,1966-08-13, , ,"","","","","","",
ZACK,HALL,hallz0,1982-02-04, , ,"","","","","","",
HERIBERTO,CAMPBELL,campbellh0,1978-02-16, , ,"","","","","","",
BEAU,THOMAS,thomasb0,2001-09-26, , ,"","","","","","",
OSVALDO,CARTER,cartero0,1998-01-01, , ,"","","","","","",
ABRAM,JOHNSON,johnsona0,1991-07-19, , ,"","","","","","",
NORMAN,ROBERTS,robertsn0,1950-05-25, , ,"","","","","","",
RANDOLPH,ALLEN,allenr0,2003-05-12, , ,"","","","","","",
MOHAMED,GREEN,greenm0,1950-08-26, , ,"","","","","","",
OSWALDO,JOHNSON,johnsono0,1998-06-14, , ,"","","","","","",
CEDRIC,SANCHEZ,sanchezc0,2003-02-21, , ,"","","","","","",
BASIL,ROBERTS,robertsb0,1973-01-22, , ,"","","","","","",
ODIS,WARD,wardo0,1972-09-14, , ,"","","","","","",
GENARO,EVANS,evansg0,1933-06-09, , ,"","","","","","",
DERICK,CAMPBELL,campbelld0,1944-06-14, , ,"","","","","","",
ADAM,JOHNSON,johnsona0,1984-08-05, , ,"","","","","","",
ADALBERTO,DIAZ,diaza0,1980-06-09, , ,"","","","","","",
BRANDON,KING,kingb0,2008-02-21, , ,"","","","","","",
BART,ROBERTS,robertsb0,1993-12-12, , ,"","","","","","",
IRVING,TURNER,turneri0,1970-12-05, , ,"","","","","","",
JESS,COX,coxj0,1958-04-02, , ,"","","","","","",
HERIBERTO,CARTER,carterh0,1935-10-22, , ,"","","","","","",
GENE,RICHARDSON,richardsong0,1961-10-10, , ,"","","","","","",
YONG,SCOTT,scotty0,2006-10-18, , ,"","","","","","",
JESS,THOMAS,thomasj0,1977-05-06, , ,"","","","","","",
GABRIEL,YOUNG,youngg0,2004-03-16, , ,"","","","","","",
OSVALDO,WRIGHT,wrighto0,1953-01-16, , ,"","","","","","",
ADAM,WARD,warda0,1945-09-03, , ,"","","","","","",
GENARO,MITCHELL,mitchellg0,1993-06-02, , ,"","","","","","",
HERB,HALL,hallh0,1972-06-15, , ,"","","","","","",
ABRAHAM,GREEN,greena0,2000-03-14, , ,"","","","","","",
BRENDAN,SCOTT,scottb0,1970-05-09, , ,"","","","","","",
DONNIE,PEREZ,perezd0,1995-01-07, , ,"","","","","","",
GAIL,TURNER,turnerg0,1934-04-16, , ,"","","","","","",
GENE,JACKSON,jacksong0,1987-03-11, , ,"","","","","","",
CORY,EVANS,evansc0,1958-09-07, , ,"","","","","","",
CESAR,RICHARDSON,richardsonc0,1986-06-04, , ,"","","","","","",
ZACHERY,TURNER,turnerz0,1986-05-13, , ,"","","","","","",
JEFFERY,THOMAS,thomasj0,1932-08-22, , ,"","","","","","",
CHADWICK,RICHARDSON,richardsonc0,1933-01-19, , ,"","","","","","",
HERSCHEL,JOHNSON,johnsonh0,1945-08-15, , ,"","","","","","",
ABDUL,ALLEN,allena0,1967-06-02, , ,"","","","","","",
ZACK,PHILLIPS,phillipsz0,1944-07-11, , ,"","","","","","",
YONG,THOMAS,thomasy0,1932-09-17, , ,"","","","","","",
BARTON,JACKSON,jacksonb0,1945-11-27, , ,"","","","","","",
ODIS,RICHARDSON,richardsono0,1957-06-04, , ,"","","","","","",
DOUGLASS,TURNER,turnerd0,1953-08-18, , ,"","","","","","",
CORTEZ,GREEN,greenc0,2008-08-02, , ,"","","","","","",
ISAIAH,GREEN,greeni0,1965-03-24, , ,"","","","","","",
NED,SANCHEZ,sanchezn0,1979-08-13, , ,"","","","","","",
ZANE,MARTINEZ,martinezz0,1995-12-12, , ,"","","","","","",
RANDOLPH,BAKER,bakerr0,1948-05-11, , ,"","","","","","",
OSCAR,RICHARDSON,richardsono0,1944-07-20, , ,"","","","","","",
WYATT,YOUNG,youngw0,1990-07-08, , ,"","","","","","",
JEFFERSON,CARTER,carterj0,2001-02-13, , ,"","","","","","",
BART,SCOTT,scottb1,1951-01-23, , ,"","","","","","",
RAPHAEL,MITCHELL,mitchellr1,1987-07-16, , ,"","","","","","",
ADALBERTO,MARTINEZ,martineza2,2002-05-17, , ,"","","","","","",
OSCAR,CARTER,cartero1,1968-03-22, , ,"","","","","","",
NOEL,GREEN,greenn2,1985-04-24, , ,"","","","","","",
JED,EVANS,evansj1,1937-09-24, , ,"","","","","","",
JEFFERY,MARTINEZ,martinezj0,1946-07-05, , ,"","","","","","",
NORRIS,ALLEN,allenn0,2000-12-13, , ,"","","","","","",
HERSCHEL,ROBERTS,robertsh0,1979-02-12, , ,"","","","","","",
IRWIN,BAKER,bakeri0,1984-04-19, , ,"","","","","","",
ZACHERY,PHILLIPS,phillipsz1,1965-06-25, , ,"","","","","","",
ABRAM,WRIGHT,wrighta0,1989-02-13, , ,"","","","","","",
XAVIER,YOUNG,youngx0,1947-04-11, , ,"","","","","","",
CHAD,CARTER,carterc1,1971-01-20, , ,"","","","","","",
CEDRICK,WARD,wardc0,2002-07-13, , ,"","","","","","",
CHADWICK,SCOTT,scottc1,1991-06-08, , ,"","","","","","",
CHADWICK,WRIGHT,wrightc0,1948-07-26, , ,"","","","","","",
BART,PHILLIPS,phillipsb1,1976-11-15, , ,"","","","","","",
ZACKARY,CAMPBELL,campbellz1,1950-04-23, , ,"","","","","","",
JESS,RICHARDSON,richardsonj0,1978-08-19, , ,"","","","","","",
IRWIN,ROBERTS,robertsi1,1931-06-23, , ,"","","","","","",
ABE,SCOTT,scotta2,1983-02-15, , ,"","","","","","",
YOUNG,SANCHEZ,sanchezy0,1931-11-05, , ,"","","","","","",
GENARO,MARTINEZ,martinezg0,1996-06-15, , ,"","","","","","",
HERIBERTO,YOUNG,youngh0,1978-03-17, , ,"","","","","","",
ZACHARIAH,GREEN,greenz2,1991-07-15, , ,"","","","","","",
BARRY,PHILLIPS,phillipsb2,2005-06-25, , ,"","","","","","",
BART,PHILLIPS,phillipsb3,1982-09-19, , ,"","","","","","",
ORVILLE,SANCHEZ,sanchezo1,1936-10-05, , ,"","","","","","",
GABRIEL,COX,coxg1,1964-09-22, , ,"","","","","","",
RANDELL,BAKER,bakerr1,1956-11-11, , ,"","","","","","",
YONG,SANCHEZ,sanchezy1,1979-10-22, , ,"","","","","","",
GABRIEL,HALL,hallg1,1953-09-20, , ,"","","","","","",
ZACHERY,SMITH,smithz1,1992-03-27, , ,"","","","","","",
BARRY,MITCHELL,mitchellb1,1984-03-10, , ,"","","","","","",
DONNIE,MARTINEZ,martinezd1,1942-04-01, , ,"","","","","","",
RANDELL,ALLEN,allenr1,2007-04-26, , ,"","","","","","",
AARON,MITCHELL,mitchella1,2008-02-06, , ,"","","","","","",
Henry,ROBERTS,robertsh1,1997-11-24, , ,"","","","","","",
DEREK,ALLEN,allend1,1955-06-20, , ,"","","","","","",
BASIL,LEE,leeb0,1988-10-23, , ,"","","","","","",
NEIL,RICHARDSON,richardsonn0,1938-01-14, , ,"","","","","","",
NEIL,SANCHEZ,sanchezn2,1949-07-20, , ,"","","","","","",
ODIS,WARD,wardo1,1943-12-26, , ,"","","","","","",
YONG,SCOTT,scotty1,1946-08-01, , ,"","","","","","",
Henry,LEE,leeh1,1967-02-06, , ,"","","","","","",
NORMAND,BAKER,bakern0,1951-05-08, , ,"","","","","","",
DOYLE,JACKSON,jacksond0,1953-06-20, , ,"","","","","","",
NORMAND,JOHNSON,johnsonn0,1976-05-07, , ,"","","","","","",
ABRAM,KING,kinga2,1953-07-05, , ,"","","","","","",
ZACHARIAH,WALKER,walkerz0,1934-04-19, , ,"","","","","","",
HERBERT,THOMAS,thomash0,1996-06-21, , ,"","","","","","",
NORMAND,JACKSON,jacksonn0,1947-09-05, , ,"","","","","","",
GEORGE,ROBERTS,robertsg1,1972-04-01, , ,"","","","","","",
RANDELL,WALKER,walkerr1,1939-11-15, , ,"","","","","","",
ISAAC,MARTINEZ,martinezi1,1974-11-18, , ,"","","","","","",
JEFFEREY,KING,kingj2,1995-07-24, , ,"","","","","","",
DEREK,EVANS,evansd1,2000-09-14, , ,"","","","","","",
BRANDON,COX,coxb0,1970-10-25, , ,"","","","","","",
MOHAMED,CAMPBELL,campbellm0,1973-09-22, , ,"","","","","","",
BASIL,GREEN,greenb2,1935-03-24, , ,"","","","","","",
JEFFERSON,JACKSON,jacksonj1,1994-08-19, , ,"","","","","","",
BARRY,CARTER,carterb0,1942-03-17, , ,"","","","","","",
BART,CAMPBELL,campbellb0,1955-08-26, , ,"","","","","","",
CORY,WARD,wardc1,1952-08-16, , ,"","","","","","",
JEFFERSON,ROBERTS,robertsj1,1982-04-24, , ,"","","","","","",
RANDY,GREEN,greenr0,1979-11-07, , ,"","","","","","",
BEN,PHILLIPS,phillipsb4,1936-03-16, , ,"","","","","","",
OLIVER,EVANS,evanso0,2002-12-08, , ,"","","","","","",
NORMAN,DIAZ,diazn1,1952-09-18, , ,"","","","","","",
JEFFEREY,KING,kingj3,2003-03-25, , ,"","","","","","",
NOEL,MITCHELL,mitchelln2,1968-01-02, , ,"","","","","","",
NOEL,COX,coxn1,1951-11-01, , ,"","","","","","",
HERMAN,WALKER,walkerh0,1967-02-03, , ,"","","","","","",
RASHAD,MARTINEZ,martinezr0,1971-12-03, , ,"","","","","","",
YOUNG,WALKER,walkery0,1993-09-20, , ,"","","","","","",
HERIBERTO,JACKSON,jacksonh1,2004-10-19, , ,"","","","","","",
YOUNG,YOUNG,youngy0,1976-08-25, , ,"","","","","","",
OLIN,COX,coxo0,1959-04-02, , ,"","","","","","",
MOHAMED,EVANS,evansm0,1941-12-15, , ,"","","","","","",
