,NOLAN,,,,,,,,,,
,NOLAN,,,,,,,,,,
,NOLAN,,,,,,,,,,
,NOLAN,,,,,,,,,,
,NOLAN,,,,,,,,,,
,JEFFERSON,,,,,,,,,,
,JEFFERSON,,,,,,,,,,
,JEFFERSON,,,,,,,,,,
,JEFFERSON,,,,,,,,,,
,JEFFERSON,,,,,,,,,,
,Zac,,,,,,,,,,
,Zac,,,,,,,,,,
,Zac,,,,,,,,,,
,Zac,,,,,,,,,,
,Zac,,,,,,,,,,
,CHADWICK,,,,,,,,,,
,CHADWICK,,,,,,,,,,
,CHADWICK,,,,,,,,,,
,CHADWICK,,,,,,,,,,
,CHADWICK,,,,,,,,,,
,NORBERT,,,,,,,,,,
,NORBERT,,,,,,,,,,
,NORBERT,,,,,,,,,,
,NORBERT,,,,,,,,,,
,NORBERT,,,,,,,,,,
,HERB,,,,,,,,,,
,HERB,,,,,,,,,,
,HERB,,,,,,,,,,
,HERB,,,,,,,,,,
,HERB,,,,,,,,,,
,WYATT,,,,,,,,,,
,WYATT,,,,,,,,,,
,WYATT,,,,,,,,,,
,WYATT,,,,,,,,,,
,WYATT,,,,,,,,,,
,CORY,,,,,,,,,,
,CORY,,,,,,,,,,
,CORY,,,,,,,,,,
,CORY,,,,,,,,,,
,CORY,,,,,,,,,,
,AARON,,,,,,,,,,
,AARON,,,,,,,,,,
,AARON,,,,,,,,,,
,AARON,,,,,,,,,,
,AARON,,,,,,,,,,
,NORRIS,,,,,,,,,,
,NORRIS,,,,,,,,,,
,NORRIS,,,,,,,,,,
,NORRIS,,,,,,,,,,
,NORRIS,,,,,,,,,,
,NORRIS,,,,,,,,,,
,NORRIS,,,,,,,,,,
,NORRIS,,,,,,,,,,
,NORRIS,,,,,,,,,,
,NORRIS,,,,,,,,,,
,Henry,,,,,,,,,,
,Henry,,,,,,,,,,
,Henry,,,,,,,,,,
,Henry,,,,,,,,,,
,Henry,,,,,,,,,,
,CORY,,,,,,,,,,
,CORY,,,,,,,,,,
,CORY,,,,,,,,,,
,CORY,,,,,,,,,,
,CORY,,,,,,,,,,
,GENE,,,,,,,,,,
,GENE,,,,,,,,,,
,GENE,,,,,,,,,,
,GENE,,,,,,,,,,
,GENE,,,,,,,,,,
,CORY,,,,,,,,,,
,CORY,,,,,,,,,,
,CORY,,,,,,,,,,
,CORY,,,,,,,,,,
,CORY,,,,,,,,,,
,Henry,,,,,,,,,,
,Henry,,,,,,,,,,
,Henry,,,,,,,,,,
,Henry,,,,,,,,,,
,Henry,,,,,,,,,,
,RANDY,,,,,,,,,,
,RANDY,,,,,,,,,,
,RANDY,,,,,,,,,,
,RANDY,,,,,,,,,,
,RANDY,,,,,,,,,,
,ABE,,,,,,,,,,
,ABE,,,,,,,,,,
,ABE,,,,,,,,,,
,ABE,,,,,,,,,,
,ABE,,,,,,,,,,
,ZACK,,,,,,,,,,
,ZACK,,,,,,,,,,
,ZACK,,,,,,,,,,
,ZACK,,,,,,,,,,
,ZACK,,,,,,,,,,
,OLIN,,,,,,,,,,
,OLIN,,,,,,,,,,
,OLIN,,,,,,,,,,
,OLIN,,,,,,,,,,
,OLIN,,,,,,,,,,
,OLIN,,,,,,,,,,
,OLIN,,,,,,,,,,
,OLIN,,,,,,,,,,
,OLIN,,,,,,,,,,
,OLIN,,,,,,,,,,
,NORMAND,,,,,,,,,,
,NORMAND,,,,,,,,,,
,NORMAND,,,,,,,,,,
,NORMAND,,,,,,,,,,
,NORMAND,,,,,,,,,,
,ZACHARIAH,,,,,,,,,,
,ZACHARIAH,,,,,,,,,,
,ZACHARIAH,,,,,,,,,,
,ZACHARIAH,,,,,,,,,,
,ZACHARIAH,,,,,,,,,,
,GENARO,,,,,,,,,,
,GENARO,,,,,,,,,,
,GENARO,,,,,,,,,,
,GENARO,,,,,,,,,,
,GENARO,,,,,,,,,,
,JESS,,,,,,,,,,
,JESS,,,,,,,,,,
,JESS,,,,,,,,,,
,JESS,,,,,,,,,,
,JESS,,,,,,,,,,
,DERICK,,,,,,,,,,
,DERICK,,,,,,,,,,
,DERICK,,,,,,,,,,
,DERICK,,,,,,,,,,
,DERICK,,,,,,,,,,
,DOUGLASS,,,,,,,,,,
,DOUGLASS,,,,,,,,,,
,DOUGLASS,,,,,,,,,,
,DOUGLASS,,,,,,,,,,
,DOUGLASS,,,,,,,,,,
,BENEDICT,,,,,,,,,,
,BENEDICT,,,,,,,,,,
,BENEDICT,,,,,,,,,,
,BENEDICT,,,,,,,,,,
,BENEDICT,,,,,,,,,,
,ZANE,,,,,,,,,,
,ZANE,,,,,,,,,,
,ZANE,,,,,,,,,,
,ZANE,,,,,,,,,,
,ZANE,,,,,,,,,,
,DONNIE,,,,,,,,,,
,DONNIE,,,,,,,,,,
,DONNIE,,,,,,,,,,
,DONNIE,,,,,,,,,,
,DONNIE,,,,,,,,,,
,JEFFEREY,,,,,,,,,,
,JEFFEREY,,,,,,,,,,
,JEFFEREY,,,,,,,,,,
,JEFFEREY,,,,,,,,,,
,JEFFEREY,,,,,,,,,,
,AARON,,,,,,,,,,
,AARON,,,,,,,,,,
,AARON,,,,,,,,,,
,AARON,,,,,,,,,,
,AARON,,,,,,,,,,
,ZACHARIAH,,,,,,,,,,
,ZACHARIAH,,,,,,,,,,
,ZACHARIAH,,,,,,,,,,
,ZACHARIAH,,,,,,,,,,
,ZACHARIAH,,,,,,,,,,
,BRANT,,,,,,,,,,
,BRANT,,,,,,,,,,
,BRANT,,,,,,,,,,
,BRANT,,,,,,,,,,
,BRANT,,,,,,,,,,
,DERICK,,,,,,,,,,
,DERICK,,,,,,,,,,
,DERICK,,,,,,,,,,
,DERICK,,,,,,,,,,
,DERICK,,,,,,,,,,
,BRANT,,,,,,,,,,
,BRANT,,,,,,,,,,
,BRANT,,,,,,,,,,
,BRANT,,,,,,,,,,
,BRANT,,,,,,,,,,
,BASIL,,,,,,,,,,
,BASIL,,,,,,,,,,
,BASIL,,,,,,,,,,
,BASIL,,,,,,,,,,
,BASIL,,,,,,,,,,
,JESS,,,,,,,,,,
,JESS,,,,,,,,,,
,JESS,,,,,,,,,,
,JESS,,,,,,,,,,
,JESS,,,,,,,,,,
,ADALBERTO,,,,,,,,,,
,ADALBERTO,,,,,,,,,,
,ADALBERTO,,,,,,,,,,
,ADALBERTO,,,,,,,,,,
,ADALBERTO,,,,,,,,,,
,ABEL,,,,,,,,,,
,ABEL,,,,,,,,,,
,ABEL,,,,,,,,,,
,ABEL,,,,,,,,,,
,ABEL,,,,,,,,,,
,HERBERT,,,,,,,,,,
,HERBERT,,,,,,,,,,
,HERBERT,,,,,,,,,,
,HERBERT,,,,,,,,,,
,HERBERT,,,,,,,,,,
,HERB,,,,,,,,,,
,HERB,,,,,,,,,,
,HERB,,,,,,,,,,
,HERB,,,,,,,,,,
,HERB,,,,,,,,,,
,BEN,,,,,,,,,,
,BEN,,,,,,,,,,
,BEN,,,,,,,,,,
,BEN,,,,,,,,,,
,BEN,,,,,,,,,,
,RAPHAEL,,,,,,,,,,
,RAPHAEL,,,,,,,,,,
,RAPHAEL,,,,,,,,,,
,RAPHAEL,,,,,,,,,,
,RAPHAEL,,,,,,,,,,
,ABEL,,,,,,,,,,
,ABEL,,,,,,,,,,
,ABEL,,,,,,,,,,
,ABEL,,,,,,,,,,
,ABEL,,,,,,,,,,
,BARRY,,,,,,,,,,
,BARRY,,,,,,,,,,
,BARRY,,,,,,,,,,
,BARRY,,,,,,,,,,
,BARRY,,,,,,,,,,
,NORMAN,,,,,,,,,,
,NORMAN,,,,,,,,,,
,NORMAN,,,,,,,,,,
,NORMAN,,,,,,,,,,
,NORMAN,,,,,,,,,,
,ISAAC,,,,,,,,,,
,ISAAC,,,,,,,,,,
,ISAAC,,,,,,,,,,
,ISAAC,,,,,,,,,,
,ISAAC,,,,,,,,,,
,RANDOLPH,,,,,,,,,,
,RANDOLPH,,,,,,,,,,
,RANDOLPH,,,,,,,,,,
,RANDOLPH,,,,,,,,,,
,RANDOLPH,,,,,,,,,,
,BEN,,,,,,,,,,
,BEN,,,,,,,,,,
,BEN,,,,,,,,,,
,BEN,,,,,,,,,,
,BEN,,,,,,,,,,
,RAPHAEL,,,,,,,,,,
,RAPHAEL,,,,,,,,,,
,RAPHAEL,,,,,,,,,,
,RAPHAEL,,,,,,,,,,
,RAPHAEL,,,,,,,,,,
,OSVALDO,,,,,,,,,,
,OSVALDO,,,,,,,,,,
,OSVALDO,,,,,,,,,,
,OSVALDO,,,,,,,,,,
,OSVALDO,,,,,,,,,,
,YONG,,,,,,,,,,
,YONG,,,,,,,,,,
,YONG,,,,,,,,,,
,YONG,,,,,,,,,,
,YONG,,,,,,,,,,
,DEREK,,,,,,,,,,
,DEREK,,,,,,,,,,
,DEREK,,,,,,,,,,
,DEREK,,,,,,,,,,
,DEREK,,,,,,,,,,
,NOEL,,,,,,,,,,
,NOEL,,,,,,,,,,
,NOEL,,,,,,,,,,
,NOEL,,,,,,,,,,
,NOEL,,,,,,,,,,
,ODELL,,,,,,,,,,
,ODELL,,,,,,,,,,
,ODELL,,,,,,,,,,
,ODELL,,,,,,,,,,
,ODELL,,,,,,,,,,
,OSWALDO,,,,,,,,,,
,OSWALDO,,,,,,,,,,
,OSWALDO,,,,,,,,,,
,OSWALDO,,,,,,,,,,
,OSWALDO,,,,,,,,,,
,DERICK,,,,,,,,,,
,DERICK,,,,,,,,,,
,DERICK,,,,,,,,,,
,DERICK,,,,,,,,,,
,DERICK,,,,,,,,,,
,ZACKARY,,,,,,,,,,
,ZACKARY,,,,,,,,,,
,ZACKARY,,,,,,,,,,
,ZACKARY,,,,,,,,,,
,ZACKARY,,,,,,,,,,
,JEFFEREY,,,,,,,,,,
,JEFFEREY,,,,,,,,,,
,JEFFEREY,,,,,,,,,,
,JEFFEREY,,,,,,,,,,
,JEFFEREY,,,,,,,,,,
,AARON,,,,,,,,,,
,AARON,,,,,,,,,,
,AARON,,,,,,,,,,
,AARON,,,,,,,,,,
,AARON,,,,,,,,,,
,RAPHAEL,,,,,,,,,,
,RAPHAEL,,,,,,,,,,
,RAPHAEL,,,,,,,,,,
,RAPHAEL,,,,,,,,,,
,RAPHAEL,,,,,,,,,,
,CEDRIC,,,,,,,,,,
,CEDRIC,,,,,,,,,,
,CEDRIC,,,,,,,,,,
,CEDRIC,,,,,,,,,,
,CEDRIC,,,,,,,,,,
,CESAR,,,,,,,,,,
,CESAR,,,,,,,,,,
,CESAR,,,,,,,,,,
,CESAR,,,,,,,,,,
,CESAR,,,,,,,,,,
,GENE,,,,,,,,,,
,GENE,,,,,,,,,,
,GENE,,,,,,,,,,
,GENE,,,,,,,,,,
,GENE,,,,,,,,,,
,ABDUL,,,,,,,,,,
,ABDUL,,,,,,,,,,
,ABDUL,,,,,,,,,,
,ABDUL,,,,,,,,,,
,ABDUL,,,,,,,,,,
,RAPHAEL,,,,,,,,,,
,RAPHAEL,,,,,,,,,,
,RAPHAEL,,,,,,,,,,
,RAPHAEL,,,,,,,,,,
,RAPHAEL,,,,,,,,,,
,ORVILLE,,,,,,,,,,
,ORVILLE,,,,,,,,,,
,ORVILLE,,,,,,,,,,
,ORVILLE,,,,,,,,,,
,ORVILLE,,,,,,,,,,
,JESS,,,,,,,,,,
,JESS,,,,,,,,,,
,JESS,,,,,,,,,,
,JESS,,,,,,,,,,
,JESS,,,,,,,,,,
,BENEDICT,,,,,,,,,,
,BENEDICT,,,,,,,,,,
,BENEDICT,,,,,,,,,,
,BENEDICT,,,,,,,,,,
,BENEDICT,,,,,,,,,,
,OSVALDO,,,,,,,,,,
,OSVALDO,,,,,,,,,,
,OSVALDO,,,,,,,,,,
,OSVALDO,,,,,,,,,,
,OSVALDO,,,,,,,,,,
,OSVALDO,,,,,,,,,,
,OSVALDO,,,,,,,,,,
,OSVALDO,,,,,,,,,,
,OSVALDO,,,,,,,,,,
,OSVALDO,,,,,,,,,,
,JEAN,,,,,,,,,,
,JEAN,,,,,,,,,,
,JEAN,,,,,,,,,,
,JEAN,,,,,,,,,,
,JEAN,,,,,,,,,,
,HERIBERTO,,,,,,,,,,
,HERIBERTO,,,,,,,,,,
,HERIBERTO,,,,,,,,,,
,HERIBERTO,,,,,,,,,,
,HERIBERTO,,,,,,,,,,
,ZANE,,,,,,,,,,
,ZANE,,,,,,,,,,
,ZANE,,,,,,,,,,
,ZANE,,,,,,,,,,
,ZANE,,,,,,,,,,
,BRANDEN,,,,,,,,,,
,BRANDEN,,,,,,,,,,
,BRANDEN,,,,,,,,,,
,BRANDEN,,,,,,,,,,
,BRANDEN,,,,,,,,,,
,CORY,,,,,,,,,,
,CORY,,,,,,,,,,
,CORY,,,,,,,,,,
,CORY,,,,,,,,,,
,CORY,,,,,,,,,,
,NORBERTO,,,,,,,,,,
,NORBERTO,,,,,,,,,,
,NORBERTO,,,,,,,,,,
,NORBERTO,,,,,,,,,,
,NORBERTO,,,,,,,,,,
,BRANDON,,,,,,,,,,
,BRANDON,,,,,,,,,,
,BRANDON,,,,,,,,,,
,BRANDON,,,,,,,,,,
,BRANDON,,,,,,,,,,
,AARON,,,,,,,,,,
,AARON,,,,,,,,,,
,AARON,,,,,,,,,,
,AARON,,,,,,,,,,
,AARON,,,,,,,,,,
,OLIN,,,,,,,,,,
,OLIN,,,,,,,,,,
,OLIN,,,,,,,,,,
,OLIN,,,,,,,,,,
,OLIN,,,,,,,,,,
,GEOFFREY,,,,,,,,,,
,GEOFFREY,,,,,,,,,,
,GEOFFREY,,,,,,,,,,
,GEOFFREY,,,,,,,,,,
,GEOFFREY,,,,,,,,,,
,OSCAR,,,,,,,,,,
,OSCAR,,,,,,,,,,
,OSCAR,,,,,,,,,,
,OSCAR,,,,,,,,,,
,OSCAR,,,,,,,,,,
,Henry,,,,,,,,,,
,Henry,,,,,,,,,,
,Henry,,,,,,,,,,
,Henry,,,,,,,,,,
,Henry,,,,,,,,,,
,GEOFFREY,,,,,,,,,,
,GEOFFREY,,,,,,,,,,
,GEOFFREY,,,,,,,,,,
,GEOFFREY,,,,,,,,,,
,GEOFFREY,,,,,,,,,,
,ZACHARIAH,,,,,,,,,,
,ZACHARIAH,,,,,,,,,,
,ZACHARIAH,,,,,,,,,,
,ZACHARIAH,,,,,,,,,,
,ZACHARIAH,,,,,,,,,,
,BASIL,,,,,,,,,,
,BASIL,,,,,,,,,,
,BASIL,,,,,,,,,,
,BASIL,,,,,,,,,,
,BASIL,,,,,,,,,,
,BEN,,,,,,,,,,
,BEN,,,,,,,,,,
,BEN,,,,,,,,,,
,BEN,,,,,,,,,,
,BEN,,,,,,,,,,
,ISAIAH,,,,,,,,,,
,ISAIAH,,,,,,,,,,
,ISAIAH,,,,,,,,,,
,ISAIAH,,,,,,,,,,
,ISAIAH,,,,,,,,,,
,OLIN,,,,,,,,,,
,OLIN,,,,,,,,,,
,OLIN,,,,,,,,,,
,OLIN,,,,,,,,,,
,OLIN,,,,,,,,,,
,IRVING,,,,,,,,,,
,IRVING,,,,,,,,,,
,IRVING,,,,,,,,,,
,IRVING,,,,,,,,,,
,IRVING,,,,,,,,,,
,BART,,,,,,,,,,
,BART,,,,,,,,,,
,BART,,,,,,,,,,
,BART,,,,,,,,,,
,BART,,,,,,,,,,
,BARRY,,,,,,,,,,
,BARRY,,,,,,,,,,
,BARRY,,,,,,,,,,
,BARRY,,,,,,,,,,
,BARRY,,,,,,,,,,
,BASIL,,,,,,,,,,
,BASIL,,,,,,,,,,
,BASIL,,,,,,,,,,
,BASIL,,,,,,,,,,
,BASIL,,,,,,,,,,
,DOYLE,,,,,,,,,,
,DOYLE,,,,,,,,,,
,DOYLE,,,,,,,,,,
,DOYLE,,,,,,,,,,
,DOYLE,,,,,,,,,,
,CHAD,,,,,,,,,,
,CHAD,,,,,,,,,,
,CHAD,,,,,,,,,,
,CHAD,,,,,,,,,,
,CHAD,,,,,,,,,,
,OLIN,,,,,,,,,,
,OLIN,,,,,,,,,,
,OLIN,,,,,,,,,,
,OLIN,,,,,,,,,,
,OLIN,,,,,,,,,,
,NORMAN,,,,,,,,,,
,NORMAN,,,,,,,,,,
,NORMAN,,,,,,,,,,
,NORMAN,,,,,,,,,,
,NORMAN,,,,,,,,,,
,NORMAN,,,,,,,,,,
,NORMAN,,,,,,,,,,
,NORMAN,,,,,,,,,,
,NORMAN,,,,,,,,,,
,NORMAN,,,,,,,,,,
,GENE,,,,,,,,,,
,GENE,,,,,,,,,,
,GENE,,,,,,,,,,
,GENE,,,,,,,,,,
,GENE,,,,,,,,,,
,BRANDON,,,,,,,,,,
,BRANDON,,,,,,,,,,
,BRANDON,,,,,,,,,,
,BRANDON,,,,,,,,,,
,BRANDON,,,,,,,,,,
,JEFFERSON,,,,,,,,,,
,JEFFERSON,,,,,,,,,,
,JEFFERSON,,,,,,,,,,
,JEFFERSON,,,,,,,,,,
,JEFFERSON,,,,,,,,,,
,NORRIS,,,,,,,,,,
,NORRIS,,,,,,,,,,
,NORRIS,,,,,,,,,,
,NORRIS,,,,,,,,,,
,NORRIS,,,,,,,,,,
,CORTEZ,,,,,,,,,,
,CORTEZ,,,,,,,,,,
,CORTEZ,,,,,,,,,,
,CORTEZ,,,,,,,,,,
,CORTEZ,,,,,,,,,,
,HERSCHEL,,,,,,,,,,
,HERSCHEL,,,,,,,,,,
,HERSCHEL,,,,,,,,,,
,HERSCHEL,,,,,,,,,,
,HERSCHEL,,,,,,,,,,
,CHAD,,,,,,,,,,
,CHAD,,,,,,,,,,
,CHAD,,,,,,,,,,
,CHAD,,,,,,,,,,
,CHAD,,,,,,,,,,
,GEORGE,,,,,,,,,,
,GEORGE,,,,,,,,,,
,GEORGE,,,,,,,,,,
,GEORGE,,,,,,,,,,
,GEORGE,,,,,,,,,,
,RANDOLPH,,,,,,,,,,
,RANDOLPH,,,,,,,,,,
,RANDOLPH,,,,,,,,,,
,RANDOLPH,,,,,,,,,,
,RANDOLPH,,,,,,,,,,
,CEDRIC,,,,,,,,,,
,CEDRIC,,,,,,,,,,
,CEDRIC,,,,,,,,,,
,CEDRIC,,,,,,,,,,
,CEDRIC,,,,,,,,,,
,XAVIER,,,,,,,,,,
,XAVIER,,,,,,,,,,
,XAVIER,,,,,,,,,,
,XAVIER,,,,,,,,,,
,XAVIER,,,,,,,,,,
,JED,,,,,,,,,,
,JED,,,,,,,,,,
,JED,,,,,,,,,,
,JED,,,,,,,,,,
,JED,,,,,,,,,,
,ZACHARY,,,,,,,,,,
,ZACHARY,,,,,,,,,,
,ZACHARY,,,,,,,,,,
,ZACHARY,,,,,,,,,,
,ZACHARY,,,,,,,,,,
,CEDRICK,,,,,,,,,,
,CEDRICK,,,,,,,,,,
,CEDRICK,,,,,,,,,,
,CEDRICK,,,,,,,,,,
,CEDRICK,,,,,,,,,,
,ABE,,,,,,,,,,
,ABE,,,,,,,,,,
,ABE,,,,,,,,,,
,ABE,,,,,,,,,,
,ABE,,,,,,,,,,
,BARRY,,,,,,,,,,
,BARRY,,,,,,,,,,
,BARRY,,,,,,,,,,
,BARRY,,,,,,,,,,
,BARRY,,,,,,,,,,
,YOUNG,,,,,,,,,,
,YOUNG,,,,,,,,,,
,YOUNG,,,,,,,,,,
,YOUNG,,,,,,,,,,
,YOUNG,,,,,,,,,,
,ZACHARIAH,,,,,,,,,,
,ZACHARIAH,,,,,,,,,,
,ZACHARIAH,,,,,,,,,,
,ZACHARIAH,,,,,,,,,,
,ZACHARIAH,,,,,,,,,,
,ZACHARIAH,,,,,,,,,,
,ZACHARIAH,,,,,,,,,,
,ZACHARIAH,,,,,,,,,,
,ZACHARIAH,,,,,,,,,,
,ZACHARIAH,,,,,,,,,,
,GENE,,,,,,,,,,
,GENE,,,,,,,,,,
,GENE,,,,,,,,,,
,GENE,,,,,,,,,,
,GENE,,,,,,,,,,
,ZACKARY,,,,,,,,,,
,ZACKARY,,,,,,,,,,
,ZACKARY,,,,,,,,,,
,ZACKARY,,,,,,,,,,
,ZACKARY,,,,,,,,,,
,OSCAR,,,,,,,,,,
,OSCAR,,,,,,,,,,
,OSCAR,,,,,,,,,,
,OSCAR,,,,,,,,,,
,OSCAR,,,,,,,,,,
,RANDELL,,,,,,,,,,
,RANDELL,,,,,,,,,,
,RANDELL,,,,,,,,,,
,RANDELL,,,,,,,,,,
,RANDELL,,,,,,,,,,
,ADALBERTO,,,,,,,,,,
,ADALBERTO,,,,,,,,,,
,ADALBERTO,,,,,,,,,,
,ADALBERTO,,,,,,,,,,
,ADALBERTO,,,,,,,,,,
,ZANE,,,,,,,,,,
,ZANE,,,,,,,,,,
,ZANE,,,,,,,,,,
,ZANE,,,,,,,,,,
,ZANE,,,,,,,,,,
,NED,,,,,,,,,,
,NED,,,,,,,,,,
,NED,,,,,,,,,,
,NED,,,,,,,,,,
,NED,,,,,,,,,,
,CESAR,,,,,,,,,,
,CESAR,,,,,,,,,,
,CESAR,,,,,,,,,,
,CESAR,,,,,,,,,,
,CESAR,,,,,,,,,,
,JEAN,,,,,,,,,,
,JEAN,,,,,,,,,,
,JEAN,,,,,,,,,,
,JEAN,,,,,,,,,,
,JEAN,,,,,,,,,,
,CORTEZ,,,,,,,,,,
,CORTEZ,,,,,,,,,,
,CORTEZ,,,,,,,,,,
,CORTEZ,,,,,,,,,,
,CORTEZ,,,,,,,,,,
,GENE,,,,,,,,,,
,GENE,,,,,,,,,,
,GENE,,,,,,,,,,
,GENE,,,,,,,,,,
,GENE,,,,,,,,,,
,RANDY,,,,,,,,,,
,RANDY,,,,,,,,,,
,RANDY,,,,,,,,,,
,RANDY,,,,,,,,,,
,RANDY,,,,,,,,,,
,HERSCHEL,,,,,,,,,,
,HERSCHEL,,,,,,,,,,
,HERSCHEL,,,,,,,,,,
,HERSCHEL,,,,,,,,,,
,HERSCHEL,,,,,,,,,,
,JESS,,,,,,,,,,
,JESS,,,,,,,,,,
,JESS,,,,,,,,,,
,JESS,,,,,,,,,,
,JESS,,,,,,,,,,
,NORBERT,,,,,,,,,,
,NORBERT,,,,,,,,,,
,NORBERT,,,,,,,,,,
,NORBERT,,,,,,,,,,
,NORBERT,,,,,,,,,,
,NORBERTO,,,,,,,,,,
,NORBERTO,,,,,,,,,,
,NORBERTO,,,,,,,,,,
,NORBERTO,,,,,,,,,,
,NORBERTO,,,,,,,,,,
,DOUGLASS,,,,,,,,,,
,DOUGLASS,,,,,,,,,,
,DOUGLASS,,,,,,,,,,
,DOUGLASS,,,,,,,,,,
,DOUGLASS,,,,,,,,,,
,NED,,,,,,,,,,
,NED,,,,,,,,,,
,NED,,,,,,,,,,
,NED,,,,,,,,,,
,NED,,,,,,,,,,
,MOHAMED,,,,,,,,,,
,MOHAMED,,,,,,,,,,
,MOHAMED,,,,,,,,,,
,MOHAMED,,,,,,,,,,
,MOHAMED,,,,,,,,,,
,ZACHARY,,,,,,,,,,
,ZACHARY,,,,,,,,,,
,ZACHARY,,,,,,,,,,
,ZACHARY,,,,,,,,,,
,ZACHARY,,,,,,,,,,
,BRANDEN,,,,,,,,,,
,BRANDEN,,,,,,,,,,
,BRANDEN,,,,,,,,,,
,BRANDEN,,,,,,,,,,
,BRANDEN,,,,,,,,,,
,BART,,,,,,,,,,
,BART,,,,,,,,,,
,BART,,,,,,,,,,
,BART,,,,,,,,,,
,BART,,,,,,,,,,
,NORRIS,,,,,,,,,,
,NORRIS,,,,,,,,,,
,NORRIS,,,,,,,,,,
,NORRIS,,,,,,,,,,
,NORRIS,,,,,,,,,,
,OSVALDO,,,,,,,,,,
,OSVALDO,,,,,,,,,,
,OSVALDO,,,,,,,,,,
,OSVALDO,,,,,,,,,,
,OSVALDO,,,,,,,,,,
,YONG,,,,,,,,,,
,YONG,,,,,,,,,,
,YONG,,,,,,,,,,
,YONG,,,,,,,,,,
,YONG,,,,,,,,,,
,DEREK,,,,,,,,,,
,DEREK,,,,,,,,,,
,DEREK,,,,,,,,,,
,DEREK,,,,,,,,,,
,DEREK,,,,,,,,,,
,DERICK,,,,,,,,,,
,DERICK,,,,,,,,,,
,DERICK,,,,,,,,,,
,DERICK,,,,,,,,,,
,DERICK,,,,,,,,,,
,JESS,,,,,,,,,,
,JESS,,,,,,,,,,
,JESS,,,,,,,,,,
,JESS,,,,,,,,,,
,JESS,,,,,,,,,,
,WYATT,,,,,,,,,,
,WYATT,,,,,,,,,,
,WYATT,,,,,,,,,,
,WYATT,,,,,,,,,,
,WYATT,,,,,,,,,,
,YONG,,,,,,,,,,
,YONG,,,,,,,,,,
,YONG,,,,,,,,,,
,YONG,,,,,,,,,,
,YONG,,,,,,,,,,
,CESAR,,,,,,,,,,
,CESAR,,,,,,,,,,
,CESAR,,,,,,,,,,
,CESAR,,,,,,,,,,
,CESAR,,,,,,,,,,
,BEN,,,,,,,,,,
,BEN,,,,,,,,,,
,BEN,,,,,,,,,,
,BEN,,,,,,,,,,
,BEN,,,,,,,,,,
,ZACHERY,,,,,,,,,,
,ZACHERY,,,,,,,,,,
,ZACHERY,,,,,,,,,,
,ZACHERY,,,,,,,,,,
,ZACHERY,,,,,,,,,,
,GABRIEL,,,,,,,,,,
,GABRIEL,,,,,,,,,,
,GABRIEL,,,,,,,,,,
,GABRIEL,,,,,,,,,,
,GABRIEL,,,,,,,,,,
,NORRIS,,,,,,,,,,
,NORRIS,,,,,,,,,,
,NORRIS,,,,,,,,,,
,NORRIS,,,,,,,,,,
,NORRIS,,,,,,,,,,
,JESS,,,,,,,,,,
,JESS,,,,,,,,,,
,JESS,,,,,,,,,,
,JESS,,,,,,,,,,
,JESS,,,,,,,,,,
,JESS,,,,,,,,,,
,JESS,,,,,,,,,,
,JESS,,,,,,,,,,
,JESS,,,,,,,,,,
,JESS,,,,,,,,,,
,CHAD,,,,,,,,,,
,CHAD,,,,,,,,,,
,CHAD,,,,,,,,,,
,CHAD,,,,,,,,,,
,CHAD,,,,,,,,,,
,JEFFERY,,,,,,,,,,
,JEFFERY,,,,,,,,,,
,JEFFERY,,,,,,,,,,
,JEFFERY,,,,,,,,,,
,JEFFERY,,,,,,,,,,
,YOUNG,,,,,,,,,,
,YOUNG,,,,,,,,,,
,YOUNG,,,,,,,,,,
,YOUNG,,,,,,,,,,
,YOUNG,,,,,,,,,,
,XAVIER,,,,,,,,,,
,XAVIER,,,,,,,,,,
,XAVIER,,,,,,,,,,
,XAVIER,,,,,,,,,,
,XAVIER,,,,,,,,,,
,YONG,,,,,,,,,,
,YONG,,,,,,,,,,
,YONG,,,,,,,,,,
,YONG,,,,,,,,,,
,YONG,,,,,,,,,,
,DEREK,,,,,,,,,,
,DEREK,,,,,,,,,,
,DEREK,,,,,,,,,,
,DEREK,,,,,,,,,,
,DEREK,,,,,,,,,,
,JESS,,,,,,,,,,
,JESS,,,,,,,,,,
,JESS,,,,,,,,,,
,JESS,,,,,,,,,,
,JESS,,,,,,,,,,
,GENARO,,,,,,,,,,
,GENARO,,,,,,,,,,
,GENARO,,,,,,,,,,
,GENARO,,,,,,,,,,
,GENARO,,,,,,,,,,
,RASHAD,,,,,,,,,,
,RASHAD,,,,,,,,,,
,RASHAD,,,,,,,,,,
,RASHAD,,,,,,,,,,
,RASHAD,,,,,,,,,,
,OLIVER,,,,,,,,,,
,OLIVER,,,,,,,,,,
,OLIVER,,,,,,,,,,
,OLIVER,,,,,,,,,,
,OLIVER,,,,,,,,,,
,ZACKARY,,,,,,,,,,
,ZACKARY,,,,,,,,,,
,ZACKARY,,,,,,,,,,
,ZACKARY,,,,,,,,,,
,ZACKARY,,,,,,,,,,
,RASHAD,,,,,,,,,,
,RASHAD,,,,,,,,,,
,RASHAD,,,,,,,,,,
,RASHAD,,,,,,,,,,
,RASHAD,,,,,,,,,,
,ABEL,,,,,,,,,,
,ABEL,,,,,,,,,,
,ABEL,,,,,,,,,,
,ABEL,,,,,,,,,,
,ABEL,,,,,,,,,,
,JEAN,,,,,,,,,,
,JEAN,,,,,,,,,,
,JEAN,,,,,,,,,,
,JEAN,,,,,,,,,,
,JEAN,,,,,,,,,,
,RANDOLPH,,,,,,,,,,
,RANDOLPH,,,,,,,,,,
,RANDOLPH,,,,,,,,,,
,RANDOLPH,,,,,,,,,,
,RANDOLPH,,,,,,,,,,
,ZACHARIAH,,,,,,,,,,
,ZACHARIAH,,,,,,,,,,
,ZACHARIAH,,,,,,,,,,
,ZACHARIAH,,,,,,,,,,
,ZACHARIAH,,,,,,,,,,
,ABRAM,,,,,,,,,,
,ABRAM,,,,,,,,,,
,ABRAM,,,,,,,,,,
,ABRAM,,,,,,,,,,
,ABRAM,,,,,,,,,,
,AARON,,,,,,,,,,
,AARON,,,,,,,,,,
,AARON,,,,,,,,,,
,AARON,,,,,,,,,,
,AARON,,,,,,,,,,
,GENE,,,,,,,,,,
,GENE,,,,,,,,,,
,GENE,,,,,,,,,,
,GENE,,,,,,,,,,
,GENE,,,,,,,,,,
,CHADWICK,,,,,,,,,,
,CHADWICK,,,,,,,,,,
,CHADWICK,,,,,,,,,,
,CHADWICK,,,,,,,,,,
,CHADWICK,,,,,,,,,,
,XAVIER,,,,,,,,,,
,XAVIER,,,,,,,,,,
,XAVIER,,,,,,,,,,
,XAVIER,,,,,,,,,,
,XAVIER,,,,,,,,,,
,ZACHARIAH,,,,,,,,,,
,ZACHARIAH,,,,,,,,,,
,ZACHARIAH,,,,,,,,,,
,ZACHARIAH,,,,,,,,,,
,ZACHARIAH,,,,,,,,,,
,ADALBERTO,,,,,,,,,,
,ADALBERTO,,,,,,,,,,
,ADALBERTO,,,,,,,,,,
,ADALBERTO,,,,,,,,,,
,ADALBERTO,,,,,,,,,,
,ZACK,,,,,,,,,,
,ZACK,,,,,,,,,,
,ZACK,,,,,,,,,,
,ZACK,,,,,,,,,,
,ZACK,,,,,,,,,,
,BRANT,,,,,,,,,,
,BRANT,,,,,,,,,,
,BRANT,,,,,,,,,,
,BRANT,,,,,,,,,,
,BRANT,,,,,,,,,,
,GABRIEL,,,,,,,,,,
,GABRIEL,,,,,,,,,,
,GABRIEL,,,,,,,,,,
,GABRIEL,,,,,,,,,,
,GABRIEL,,,,,,,,,,
,ABRAM,,,,,,,,,,
,ABRAM,,,,,,,,,,
,ABRAM,,,,,,,,,,
,ABRAM,,,,,,,,,,
,ABRAM,,,,,,,,,,
,HERSCHEL,,,,,,,,,,
,HERSCHEL,,,,,,,,,,
,HERSCHEL,,,,,,,,,,
,HERSCHEL,,,,,,,,,,
,HERSCHEL,,,,,,,,,,
,HERBERT,,,,,,,,,,
,HERBERT,,,,,,,,,,
,HERBERT,,,,,,,,,,
,HERBERT,,,,,,,,,,
,HERBERT,,,,,,,,,,
,JEFFERY,,,,,,,,,,
,JEFFERY,,,,,,,,,,
,JEFFERY,,,,,,,,,,
,JEFFERY,,,,,,,,,,
,JEFFERY,,,,,,,,,,
,HERB,,,,,,,,,,
,HERB,,,,,,,,,,
,HERB,,,,,,,,,,
,HERB,,,,,,,,,,
,HERB,,,,,,,,,,
,BEN,,,,,,,,,,
,BEN,,,,,,,,,,
,BEN,,,,,,,,,,
,BEN,,,,,,,,,,
,BEN,,,,,,,,,,
,DOUGLASS,,,,,,,,,,
,DOUGLASS,,,,,,,,,,
,DOUGLASS,,,,,,,,,,
,DOUGLASS,,,,,,,,,,
,DOUGLASS,,,,,,,,,,
,NORMAND,,,,,,,,,,
,NORMAND,,,,,,,,,,
,NORMAND,,,,,,,,,,
,NORMAND,,,,,,,,,,
,NORMAND,,,,,,,,,,
,XAVIER,,,,,,,,,,
,XAVIER,,,,,,,,,,
,XAVIER,,,,,,,,,,
,XAVIER,,,,,,,,,,
,XAVIER,,,,,,,,,,
,ABEL,,,,,,,,,,
,ABEL,,,,,,,,,,
,ABEL,,,,,,,,,,
,ABEL,,,,,,,,,,
,ABEL,,,,,,,,,,
,RANDELL,,,,,,,,,,
,RANDELL,,,,,,,,,,
,RANDELL,,,,,,,,,,
,RANDELL,,,,,,,,,,
,RANDELL,,,,,,,,,,
,CEDRIC,,,,,,,,,,
,CEDRIC,,,,,,,,,,
,CEDRIC,,,,,,,,,,
,CEDRIC,,,,,,,,,,
,CEDRIC,,,,,,,,,,
,ADALBERTO,,,,,,,,,,
,ADALBERTO,,,,,,,,,,
,ADALBERTO,,,,,,,,,,
,ADALBERTO,,,,,,,,,,
,ADALBERTO,,,,,,,,,,
,GEORGE,,,,,,,,,,
,GEORGE,,,,,,,,,,
,GEORGE,,,,,,,,,,
,GEORGE,,,,,,,,,,
,GEORGE,,,,,,,,,,
,ABE,,,,,,,,,,
,ABE,,,,,,,,,,
,ABE,,,,,,,,,,
,ABE,,,,,,,,,,
,ABE,,,,,,,,,,
,ZACKARY,,,,,,,,,,
,ZACKARY,,,,,,,,,,
,ZACKARY,,,,,,,,,,
,ZACKARY,,,,,,,,,,
,ZACKARY,,,,,,,,,,
,JEFFERY,,,,,,,,,,
,JEFFERY,,,,,,,,,,
,JEFFERY,,,,,,,,,,
,JEFFERY,,,,,,,,,,
,JEFFERY,,,,,,,,,,
,BART,,,,,,,,,,
,BART,,,,,,,,,,
,BART,,,,,,,,,,
,BART,,,,,,,,,,
,BART,,,,,,,,,,
,ADALBERTO,,,,,,,,,,
,ADALBERTO,,,,,,,,,,
,ADALBERTO,,,,,,,,,,
,ADALBERTO,,,,,,,,,,
,ADALBERTO,,,,,,,,,,
,First Name2323,,,,,,,,,,
