	BRANDON							""			
	CORTEZ							""			
	BRENDAN							""			
	RANDY							""			
	JED							""			
	ZACHARIAH							""			
	CESAR							""			
	ODIS							""			
	ADALBERTO							""			
	CESAR							""			
	GEORGE							""			
	DOYLE							""			
	DEREK							""			
	NORBERT							""			
	NORBERT							""			
	ABEL							""			
	ADALBERTO							""			
	GEORGE							""			
	JEAN							""			
	JEFFEREY							""			
	GAIL							""			
	CORTEZ							""			
	ODELL							""			
	ABRAM							""			
	GENE							""			
	BRANDON							""			
	GABRIEL							""			
	NED							""			
	ZANE							""			
	OLIVER							""			
	ODELL							""			
	RANDELL							""			
	GENARO							""			
	BRENDAN							""			
	ODELL							""			
	BART							""			
	HERIBERTO							""			
	OLIN							""			
	ABDUL							""			
	YOUNG							""			
	FRITZ							""			
	BRENDAN							""			
	OLIN							""			
	JESS							""			
	DOUGLASS							""			
	ZACK							""			
	BRANDON							""			
	ADALBERTO							""			
	JED							""			
	RANDY							""			
	HERIBERTO							""			
	JED							""			
	RANDELL							""			
	GEORGE							""			
	OLIN							""			
	BRENDAN							""			
	CESAR							""			
	CHADWICK							""			
	ODELL							""			
	IRVING							""			
	ODELL							""			
	NORBERT							""			
	BRANDEN							""			
	BENEDICT							""			
	RANDELL							""			
	GEORGE							""			
	DEREK							""			
	RONALDO							""			
	ABRAHAM							""			
	OLIN							""			
	GENARO							""			
	BEAU							""			
	NOEL							""			
	JED							""			
	BRANDON							""			
	ADALBERTO							""			
	ZANE							""			
	DONNIE							""			
	BART							""			
	JEFFERY							""			
	Henry							""			
	NOLAN							""			
	NEIL							""			
	BARRY							""			
	HERB							""			
	BARRY							""			
	RANDOLPH							""			
	RANDOLPH							""			
	ZACHARIAH							""			
	ISAAC							""			
	JEFFERSON							""			
	NORMAND							""			
	ABE							""			
	HERIBERTO							""			
	ZACKARY							""			
	ABEL							""			
	JEFFEREY							""			
	NOLAN							""			
	DOYLE							""			
	ORVILLE							""			
	JED							""			
	ZACKARY							""			
	ODELL							""			
	BRANDON							""			
	HERIBERTO							""			
	OSCAR							""			
	IRVING							""			
	WYATT							""			
	YONG							""			
	ORVILLE							""			
	JESS							""			
	GEORGE							""			
	CESAR							""			
	NOEL							""			
	CESAR							""			
	RANDY							""			
	HERBERT							""			
	DONNIE							""			
	JEAN							""			
	ZACKARY							""			
	DOUGLASS							""			
	GAIL							""			
	OSWALDO							""			
	CEDRICK							""			
	CORTEZ							""			
	NED							""			
	CHADWICK							""			
	FRITZ							""			
	DONNIE							""			
	JEFFEREY							""			
	CEDRICK							""			
	NOLAN							""			
	MOHAMED							""			
	BARTON							""			
	CORTEZ							""			
	ABE							""			
	DEREK							""			
	OLIVER							""			
	NORMAN							""			
	NOEL							""			
	CHADWICK							""			
	GENE							""			
	DEREK							""			
	CESAR							""			
	CESAR							""			
	CEDRIC							""			
	CEDRIC							""			
	GABRIEL							""			
	ADAM							""			
	ZACHARY							""			
	JESS							""			
	BASIL							""			
	GENE							""			
	WYATT							""			
	ADALBERTO							""			
	CHAD							""			
	JESS							""			
	BRANDEN							""			
	YOUNG							""			
	RANDY							""			
	GEOFFREY							""			
	ZACK							""			
	ABDUL							""			
	ABRAHAM							""			
	JEFFEREY							""			
	CHADWICK							""			
	NED							""			
	HERSCHEL							""			
	YOUNG							""			
	ABE							""			
	GENARO							""			
	OLIVER							""			
	ZACK							""			
	NED							""			
	JESS							""			
	ABRAHAM							""			
	BEAU							""			
	ODIS							""			
	CORY							""			
	CEDRIC							""			
	BRANDON							""			
	OSWALDO							""			
	FRITZ							""			
	ADALBERTO							""			
	ISAAC							""			
	OSCAR							""			
	ABE							""			
	CORTEZ							""			
	DOUGLASS							""			
	BEAU							""			
	RASHAD							""			
	OSVALDO							""			
	OSWALDO							""			
	RANDY							""			
	JEFFEREY							""			
	ZACHARIAH							""			
	ZACHERY							""			
	IRVING							""			
	ADAM							""			
	XAVIER							""			
	OSCAR							""			
	HERBERT							""			
	ZACHERY							""			
	ZANE							""			
	ZACK							""			
	BART							""			
	WYATT							""			
	HERSCHEL							""			
	ZACHARY							""			
	ODELL							""			
	YOUNG							""			
	IRWIN							""			
	HERBERT							""			
	FRITZ							""			
	MOHAMED							""			
	NORBERT							""			
	OSCAR							""			
	BRENDAN							""			
	RANDOLPH							""			
	Henry							""			
	DERICK							""			
	BASIL							""			
	Henry							""			
	OSCAR							""			
	CORY							""			
	ABE							""			
	OSCAR							""			
	BEAU							""			
	HERB							""			
	ZACHARIAH							""			
	HERBERT							""			
	NORBERT							""			
	BARRY							""			
	CORTEZ							""			
	YONG							""			
	HERSCHEL							""			
	Henry							""			
	BART							""			
	BRANDON							""			
	GEOFFREY							""			
	GENE							""			
	IRWIN							""			
	NEIL							""			
	BRANT							""			
	RASHAD							""			
	NORMAN							""			
	ODELL							""			
	HERSCHEL							""			
	BASIL							""			
	JEFFERSON							""			
	YOUNG							""			
	RASHAD							""			
	BRANDON							""			
	OSWALDO							""			
	MOHAMED							""			
	BARTON							""			
	GENE							""			
	OSWALDO							""			
	NOLAN							""			
	AARON							""			
	CEDRIC							""			
	RANDY							""			
	JESS							""			
	ZANE							""			
	GENE							""			
	GAIL							""			
	GAIL							""			
	CORTEZ							""			
	NORMAND							""			
	NORBERTO							""			
	OLIVER							""			
	ORVILLE							""			
	BEAU							""			
	BEN							""			
	JEFFEREY							""			
	BENEDICT							""			
	ZACHERY							""			
	IRWIN							""			
	OSWALDO							""			
	DERICK							""			
	ABRAM							""			
	NORRIS							""			
	JEFFERSON							""			
	NORBERT							""			
	BARTON							""			
	MOHAMED							""			
	ISAIAH							""			
	OLIVER							""			
	RANDY							""			
	HERIBERTO							""			
	ORVILLE							""			
	JEAN							""			
	GEORGE							""			
	ZACKARY							""			
	BRANDEN							""			
	RASHAD							""			
	ABRAHAM							""			
	GEOFFREY							""			
	JESS							""			
	MOHAMED							""			
	RANDOLPH							""			
	DONNIE							""			
	JEAN							""			
	JEFFERSON							""			
	ADALBERTO							""			
	HERIBERTO							""			
	JEFFERSON							""			
	BARRY							""			
	GENARO							""			
	JEAN							""			
	ABRAM							""			
	ISAIAH							""			
	ABE							""			
	ABDUL							""			
	FRITZ							""			
	HERSCHEL							""			
	HERB							""			
	GABRIEL							""			
	JED							""			
	Henry							""			
	DONNIE							""			
	ODIS							""			
	NOLAN							""			
	Henry							""			
	CHAD							""			
	CHAD							""			
	DOUGLASS							""			
	CORTEZ							""			
	ABEL							""			
	BRANT							""			
	GENE							""			
	BART							""			
	BEAU							""			
	DOYLE							""			
	GENARO							""			
	JED							""			
	GENE							""			
	OLIN							""			
	BRANDON							""			
	ZACHERY							""			
	ADAM							""			
	ZACHERY							""			
	HERB							""			
	ADAM							""			
	DOYLE							""			
	BRENDAN							""			
	ADAM							""			
	CHADWICK							""			
	MOHAMED							""			
	ABEL							""			
	CEDRICK							""			
	BRANT							""			
	GENARO							""			
	JESS							""			
	ABEL							""			
	BENEDICT							""			
	ODIS							""			
	NEIL							""			
	JEFFERY							""			
	CORTEZ							""			
	RANDY							""			
	GENARO							""			
	ZACHARY							""			
	CEDRICK							""			
	ORVILLE							""			
	Henry							""			
	BEN							""			
	FRITZ							""			
	XAVIER							""			
	GABRIEL							""			
	ORVILLE							""			
	AARON							""			
	NORMAND							""			
	ABE							""			
	NED							""			
	NORBERT							""			
	BRANDEN							""			
	JEAN							""			
	GEORGE							""			
	JEFFERSON							""			
	ZACK							""			
	BEN							""			
	AARON							""			
	FRITZ							""			
	HERMAN							""			
	OSVALDO							""			
	HERSCHEL							""			
	CHAD							""			
	DONNIE							""			
	NED							""			
	CORTEZ							""			
	RANDOLPH							""			
	DERICK							""			
	CORTEZ							""			
	BRANDON							""			
	ISAAC							""			
	NORRIS							""			
	IRWIN							""			
	BRANDON							""			
	GEORGE							""			
	CEDRICK							""			
	BRANT							""			
	CESAR							""			
	YOUNG							""			
	ISAIAH							""			
	ISAAC							""			
	ADAM							""			
	JEFFERY							""			
	BARTON							""			
	OSVALDO							""			
	ZANE							""			
	OSCAR							""			
	DOUGLASS							""			
	JEFFERSON							""			
	RANDY							""			
	DONNIE							""			
	NED							""			
	XAVIER							""			
	JESS							""			
	ABRAHAM							""			
	JEFFEREY							""			
	ABRAM							""			
	CEDRIC							""			
	BARTON							""			
	GENARO							""			
	ADALBERTO							""			
	ABRAM							""			
	OLIN							""			
	Henry							""			
	BEN							""			
	ISAIAH							""			
	DOUGLASS							""			
	ZACKARY							""			
	ZACK							""			
	ZACKARY							""			
	YONG							""			
	ABEL							""			
	ODELL							""			
	YOUNG							""			
	ORVILLE							""			
	CORY							""			
	YONG							""			
	ZACHARIAH							""			
	CESAR							""			
	NOLAN							""			
	AARON							""			
	CHADWICK							""			
	JESS							""			
	DERICK							""			
	OLIVER							""			
	RAPHAEL							""			
	GENE							""			
	RANDELL							""			
	BRENDAN							""			
	IRVING							""			
	BRANT							""			
	BEAU							""			
	RANDY							""			
	GABRIEL							""			
	ABRAHAM							""			
	HERBERT							""			
	IRVING							""			
	NORMAN							""			
	RANDOLPH							""			
	CEDRIC							""			
	BARRY							""			
	GEOFFREY							""			
	ZACHARIAH							""			
	BRANDEN							""			
	OLIVER							""			
	YONG							""			
	BART							""			
	YOUNG							""			
	ZACK							""			
	ABEL							""			
	JESS							""			
	ABE							""			
	JESS							""			
	RAPHAEL							""			
	BRANDEN							""			
	GENE							""			
	CHAD							""			
	CHAD							""			
	MOHAMED							""			
	HERIBERTO							""			
	HERIBERTO							""			
	BEN							""			
	IRVING							""			
	CESAR							""			
	JESS							""			
	ABE							""			
	HERMAN							""			
	ZACHARIAH							""			
	DERICK							""			
	OSVALDO							""			
	RASHAD							""			
	CORY							""			
	RASHAD							""			
	ABE							""			
	ABEL							""			
	OSCAR							""			
	HERMAN							""			
	HERIBERTO							""			
	ZACHARIAH							""			
	MOHAMED							""			
	BEAU							""			
	OSWALDO							""			
	ADAM							""			
	GEORGE							""			
	MOHAMED							""			
	OSWALDO							""			
	RAPHAEL							""			
	ABRAM							""			
	ISAAC							""			
	BRENDAN							""			
	Henry							""			
	BRANDEN							""			
	WYATT							""			
	RANDOLPH							""			
	BRANDEN							""			
	ABRAM							""			
	IRVING							""			
	CEDRIC							""			
	BRENDAN							""			
	ABRAHAM							""			
	WYATT							""			
	BASIL							""			
	RANDOLPH							""			
	BART							""			
	RANDY							""			
	GENARO							""			
	ABE							""			
	First Name							""			
